Variable,Overall missing n (%),MIMIC-IV missing n (%),AmsterdamUMCdb missing n (%),Chinese missing n (%)
Age,,,,
Sex,,,,
BMI,,,,
COPD,,,,
Baseline SOFA,,,,
Daily SOFA days 1-7,,,,
Baseline lactate,,,,
Daily lactate days 1-7,,,,
Day 1 TWA-PaCO2,,,,
Daily TWA-PaCO2 days 1-7,,,,
Baseline pH,,,,
Daily pH days 1-7,,,,
Baseline HCO3,,,,
Baseline PaO2/FiO2,,,,
Daily oxygenation measure days 1-7,,,,
Mechanical ventilation within 24 h,,,,
Daily mechanical ventilation days 1-7,,,,
Vasopressor use within 24 h,,,,
Daily vasopressor use days 1-7,,,,
CRRT/RRT within 24 h,,,,
Daily CRRT/RRT days 1-7,,,,
28-day all-cause mortality,,,,
